{
  "timestamp": "2025-12-01T15:29:22.119174",
  "overall_metrics": {
    "accuracy": 0.9989532794885214,
    "precision_macro": 0.9492619231464025,
    "recall_macro": 0.8555402259919783,
    "f1_score_macro": 0.8773287445070334,
    "precision_weighted": 0.9989286320855425,
    "recall_weighted": 0.9989532794885214,
    "f1_score_weighted": 0.9988724610658984
  },
  "per_class_metrics": {
    "BENIGN": {
      "precision": 0.9996608900535089,
      "recall": 0.9993638074692085,
      "f1-score": 0.9995123266860781,
      "support": 454265.0
    },
    "Bot": {
      "precision": 0.9437086092715232,
      "recall": 0.7289002557544757,
      "f1-score": 0.8225108225108225,
      "support": 391.0
    },
    "DDoS": {
      "precision": 0.9998046798703074,
      "recall": 0.9995703964069518,
      "f1-score": 0.9996875244121552,
      "support": 25605.0
    },
    "DoS GoldenEye": {
      "precision": 0.9980506822612085,
      "recall": 0.9946576007770762,
      "f1-score": 0.9963512527365604,
      "support": 2059.0
    },
    "DoS Hulk": {
      "precision": 0.9983511596120886,
      "recall": 0.9998261814231396,
      "f1-score": 0.9990881260991337,
      "support": 46025.0
    },
    "DoS Slowhttptest": {
      "precision": 0.9908842297174111,
      "recall": 0.9881818181818182,
      "f1-score": 0.9895311788802913,
      "support": 1100.0
    },
    "DoS slowloris": {
      "precision": 0.9974070872947277,
      "recall": 0.9956859361518551,
      "f1-score": 0.9965457685664939,
      "support": 1159.0
    },
    "FTP-Patator": {
      "precision": 1.0,
      "recall": 0.9987397605545053,
      "f1-score": 0.9993694829760403,
      "support": 1587.0
    },
    "Heartbleed": {
      "precision": 1.0,
      "recall": 1.0,
      "f1-score": 1.0,
      "support": 2.0
    },
    "Infiltration": {
      "precision": 1.0,
      "recall": 0.5714285714285714,
      "f1-score": 0.7272727272727273,
      "support": 7.0
    },
    "PortScan": {
      "precision": 0.9939263016186093,
      "recall": 0.9995592078335065,
      "f1-score": 0.9967347963957176,
      "support": 31761.0
    },
    "SSH-Patator": {
      "precision": 1.0,
      "recall": 0.9991525423728813,
      "f1-score": 0.9995760915642221,
      "support": 1180.0
    },
    "Web Attack \ufffd Brute Force": {
      "precision": 0.7060240963855422,
      "recall": 0.973421926910299,
      "f1-score": 0.8184357541899442,
      "support": 301.0
    },
    "Web Attack \ufffd Sql Injection": {
      "precision": 1.0,
      "recall": 0.5,
      "f1-score": 0.6666666666666666,
      "support": 4.0
    },
    "Web Attack \ufffd XSS": {
      "precision": 0.6111111111111112,
      "recall": 0.08461538461538462,
      "f1-score": 0.14864864864864866,
      "support": 130.0
    },
    "accuracy": 0.9989532794885214,
    "macro avg": {
      "precision": 0.9492619231464025,
      "recall": 0.8555402259919783,
      "f1-score": 0.8773287445070334,
      "support": 565576.0
    },
    "weighted avg": {
      "precision": 0.9989286320855425,
      "recall": 0.9989532794885214,
      "f1-score": 0.9988724610658984,
      "support": 565576.0
    }
  },
  "confusion_matrix": [
    [
      453976,
      17,
      5,
      1,
      63,
      6,
      1,
      0,
      0,
      0,
      194,
      0,
      2,
      0,
      0
    ],
    [
      106,
      285,
      0,
      0,
      0,
      0,
      0,
      0,
      0,
      0,
      0,
      0,
      0,
      0,
      0
    ],
    [
      11,
      0,
      25594,
      0,
      0,
      0,
      0,
      0,
      0,
      0,
      0,
      0,
      0,
      0,
      0
    ],
    [
      4,
      0,
      0,
      2048,
      4,
      3,
      0,
      0,
      0,
      0,
      0,
      0,
      0,
      0,
      0
    ],
    [
      5,
      0,
      0,
      3,
      46017,
      0,
      0,
      0,
      0,
      0,
      0,
      0,
      0,
      0,
      0
    ],
    [
      9,
      0,
      0,
      0,
      1,
      1087,
      2,
      0,
      0,
      0,
      0,
      0,
      1,
      0,
      0
    ],
    [
      3,
      0,
      0,
      0,
      0,
      1,
      1154,
      0,
      0,
      0,
      0,
      0,
      1,
      0,
      0
    ],
    [
      1,
      0,
      0,
      0,
      0,
      0,
      0,
      1585,
      0,
      0,
      0,
      0,
      0,
      0,
      1
    ],
    [
      0,
      0,
      0,
      0,
      0,
      0,
      0,
      0,
      2,
      0,
      0,
      0,
      0,
      0,
      0
    ],
    [
      3,
      0,
      0,
      0,
      0,
      0,
      0,
      0,
      0,
      4,
      0,
      0,
      0,
      0,
      0
    ],
    [
      4,
      0,
      0,
      0,
      8,
      0,
      0,
      0,
      0,
      0,
      31747,
      0,
      2,
      0,
      0
    ],
    [
      1,
      0,
      0,
      0,
      0,
      0,
      0,
      0,
      0,
      0,
      0,
      1179,
      0,
      0,
      0
    ],
    [
      2,
      0,
      0,
      0,
      0,
      0,
      0,
      0,
      0,
      0,
      0,
      0,
      293,
      0,
      6
    ],
    [
      2,
      0,
      0,
      0,
      0,
      0,
      0,
      0,
      0,
      0,
      0,
      0,
      0,
      2,
      0
    ],
    [
      3,
      0,
      0,
      0,
      0,
      0,
      0,
      0,
      0,
      0,
      0,
      0,
      116,
      0,
      11
    ]
  ],
  "class_names": [
    "BENIGN",
    "Bot",
    "DDoS",
    "DoS GoldenEye",
    "DoS Hulk",
    "DoS Slowhttptest",
    "DoS slowloris",
    "FTP-Patator",
    "Heartbleed",
    "Infiltration",
    "PortScan",
    "SSH-Patator",
    "Web Attack  Brute Force",
    "Web Attack  Sql Injection",
    "Web Attack  XSS"
  ]
}